{
    "metrics": {
        "iteration_duration": {
            "min": 201.3065,
            "med": 206.34879999999998,
            "max": 268.7857,
            "p(90)": 209.68544999999997,
            "p(95)": 211.05176,
            "avg": 206.5851418213061
        },
        "http_req_waiting": {
            "p(90)": 9.074629999999999,
            "p(95)": 10.406444999999996,
            "avg": 6.016471305841934,
            "min": 1.05,
            "med": 5.8522,
            "max": 62.2314
        },
        "data_received": {
            "count": 815871,
            "rate": 13567.429877549584
        },
        "vus": {
            "value": 10,
            "min": 10,
            "max": 10
        },
        "http_req_tls_handshaking": {
            "avg": 0,
            "min": 0,
            "med": 0,
            "max": 0,
            "p(90)": 0,
            "p(95)": 0
        },
        "http_req_sending": {
            "max": 0.671,
            "p(90)": 0,
            "p(95)": 0,
            "avg": 0.004279553264604811,
            "min": 0,
            "med": 0
        },
        "vus_max": {
            "value": 10,
            "min": 10,
            "max": 10
        },
        "http_req_failed": {
            "passes": 851,
            "fails": 2059,
            "value": 0.29243986254295534
        },
        "http_reqs": {
            "count": 2910,
            "rate": 48.391499322404265
        },
        "http_req_connecting": {
            "med": 0,
            "max": 0.5357,
            "p(90)": 0,
            "p(95)": 0,
            "avg": 0.0007200687285223368,
            "min": 0
        },
        "data_sent": {
            "count": 506814,
            "rate": 8428.003208792094
        },
        "http_req_duration": {
            "p(95)": 10.526824999999999,
            "avg": 6.111012955326478,
            "min": 1.1362,
            "med": 5.9161,
            "max": 62.2314,
            "p(90)": 9.187419999999998
        },
        "http_req_duration{expected_response:true}": {
            "max": 62.2314,
            "p(90)": 9.87284,
            "p(95)": 11.14617,
            "avg": 7.2053735308402125,
            "min": 3.2768,
            "med": 6.5794
        },
        "http_req_blocked": {
            "p(95)": 0,
            "avg": 0.023226013745704467,
            "min": 0,
            "med": 0,
            "max": 6.7607,
            "p(90)": 0
        },
        "http_req_receiving": {
            "max": 2.5963,
            "p(90)": 0.53326,
            "p(95)": 0.5585799999999995,
            "avg": 0.0902620962199312,
            "min": 0,
            "med": 0
        },
        "iterations": {
            "count": 2910,
            "rate": 48.391499322404265
        }
    },
    "root_group": {
        "id": "d41d8cd98f00b204e9800998ecf8427e",
        "groups": {},
        "checks": {},
        "name": "",
        "path": ""
    }
}