{
    "root_group": {
        "checks": {},
        "name": "",
        "path": "",
        "id": "d41d8cd98f00b204e9800998ecf8427e",
        "groups": {}
    },
    "metrics": {
        "http_req_duration{expected_response:true}": {
            "avg": 17.596519150025593,
            "min": 12.0008,
            "med": 16.459,
            "max": 81.0658,
            "p(90)": 21.72586,
            "p(95)": 24.479499999999977
        },
        "http_req_blocked": {
            "med": 0,
            "max": 6.28,
            "p(90)": 0,
            "p(95)": 0,
            "avg": 0.02251496090973703,
            "min": 0
        },
        "vus_max": {
            "value": 10,
            "min": 10,
            "max": 10
        },
        "http_req_tls_handshaking": {
            "med": 0,
            "max": 0,
            "p(90)": 0,
            "p(95)": 0,
            "avg": 0,
            "min": 0
        },
        "vus": {
            "min": 10,
            "max": 10,
            "value": 10
        },
        "http_req_sending": {
            "p(95)": 0,
            "avg": 0.002152558635394456,
            "min": 0,
            "med": 0,
            "max": 0.6425,
            "p(90)": 0
        },
        "http_req_waiting": {
            "max": 81.0658,
            "p(90)": 20.55833,
            "p(95)": 23.10488,
            "avg": 13.085737100213224,
            "min": 1.3988,
            "med": 15.09775
        },
        "http_reqs": {
            "count": 2814,
            "rate": 46.74173125153613
        },
        "http_req_receiving": {
            "avg": 0.08865810234541581,
            "min": 0,
            "med": 0,
            "max": 3.0363,
            "p(90)": 0.5344,
            "p(95)": 0.558535
        },
        "data_sent": {
            "count": 474405,
            "rate": 7880.067880023098
        },
        "iteration_duration": {
            "p(90)": 221.14688,
            "p(95)": 223.634445,
            "avg": 213.65282906894126,
            "min": 201.7116,
            "med": 215.61365,
            "max": 287.5651
        },
        "data_received": {
            "count": 792519,
            "rate": 13164.076087326284
        },
        "http_req_connecting": {
            "p(95)": 0,
            "avg": 0.002359203980099502,
            "min": 0,
            "med": 0,
            "max": 1.0227,
            "p(90)": 0
        },
        "http_req_failed": {
            "fails": 1953,
            "passes": 861,
            "value": 0.30597014925373134
        },
        "http_req_duration": {
            "avg": 13.176547761194044,
            "min": 1.5301,
            "med": 15.17265,
            "max": 81.0658,
            "p(90)": 20.641460000000006,
            "p(95)": 23.155959999999997
        },
        "iterations": {
            "count": 2814,
            "rate": 46.74173125153613
        }
    }
}