{
    "metrics": {
        "http_req_waiting": {
            "p(95)": 10.085469999999995,
            "avg": 5.7968487285223445,
            "min": 0.7154,
            "med": 5.43205,
            "max": 85.2374,
            "p(90)": 8.810089999999999
        },
        "iterations": {
            "count": 2910,
            "rate": 48.43503570111529
        },
        "http_req_failed": {
            "passes": 838,
            "fails": 2072,
            "value": 0.28797250859106527
        },
        "vus": {
            "value": 10,
            "min": 10,
            "max": 10
        },
        "http_req_blocked": {
            "max": 6.483,
            "p(90)": 0,
            "p(95)": 0,
            "avg": 0.02332113402061855,
            "min": 0,
            "med": 0
        },
        "http_req_connecting": {
            "p(95)": 0,
            "avg": 0.0018082474226804128,
            "min": 0,
            "med": 0,
            "max": 0.5262,
            "p(90)": 0
        },
        "http_req_sending": {
            "avg": 0.003396769759450172,
            "min": 0,
            "med": 0,
            "max": 1.2593,
            "p(90)": 0,
            "p(95)": 0
        },
        "data_received": {
            "count": 815988,
            "rate": 13581.583474804695
        },
        "vus_max": {
            "value": 10,
            "min": 10,
            "max": 10
        },
        "data_sent": {
            "count": 508107,
            "rate": 8457.106764600201
        },
        "http_req_duration": {
            "avg": 5.881572989690729,
            "min": 0.7154,
            "med": 5.4818,
            "max": 85.77,
            "p(90)": 8.892,
            "p(95)": 10.192174999999999
        },
        "http_req_receiving": {
            "p(90)": 0.53032,
            "p(95)": 0.5583549999999999,
            "avg": 0.08132749140893467,
            "min": 0,
            "med": 0,
            "max": 1.6443
        },
        "http_req_duration{expected_response:true}": {
            "min": 1.2987,
            "med": 6.29165,
            "max": 85.77,
            "p(90)": 9.493030000000001,
            "p(95)": 11.021324999999992,
            "avg": 6.9406008687258645
        },
        "iteration_duration": {
            "med": 205.98065,
            "max": 292.5381,
            "p(90)": 209.48559999999998,
            "p(95)": 210.775095,
            "avg": 206.37338780068734,
            "min": 201.0898
        },
        "http_reqs": {
            "count": 2910,
            "rate": 48.43503570111529
        },
        "http_req_tls_handshaking": {
            "p(95)": 0,
            "avg": 0,
            "min": 0,
            "med": 0,
            "max": 0,
            "p(90)": 0
        }
    },
    "root_group": {
        "name": "",
        "path": "",
        "id": "d41d8cd98f00b204e9800998ecf8427e",
        "groups": {},
        "checks": {}
    }
}