{
    "metrics": {
        "http_req_sending": {
            "min": 0,
            "med": 0,
            "max": 2.0244,
            "p(90)": 0,
            "p(95)": 0,
            "avg": 0.004603539518900344
        },
        "http_req_connecting": {
            "min": 0,
            "med": 0,
            "max": 0.5168,
            "p(90)": 0,
            "p(95)": 0,
            "avg": 0.0017759450171821306
        },
        "http_req_duration": {
            "avg": 6.040992955326456,
            "min": 1.103,
            "med": 5.83115,
            "max": 60.3718,
            "p(90)": 9.217789999999999,
            "p(95)": 10.691239999999999
        },
        "data_sent": {
            "count": 503763,
            "rate": 8379.501838554985
        },
        "vus": {
            "value": 10,
            "min": 10,
            "max": 10
        },
        "http_req_failed": {
            "passes": 880,
            "fails": 2030,
            "value": 0.3024054982817869
        },
        "data_received": {
            "count": 815610,
            "rate": 13566.707945092894
        },
        "http_req_waiting": {
            "min": 1.0466,
            "med": 5.7326,
            "max": 59.7157,
            "p(90)": 9.167259999999999,
            "p(95)": 10.675744999999996,
            "avg": 5.95614474226804
        },
        "http_req_receiving": {
            "avg": 0.08024467353951895,
            "min": 0,
            "med": 0,
            "max": 1.5262,
            "p(90)": 0.53181,
            "p(95)": 0.5539099999999999
        },
        "iterations": {
            "count": 2910,
            "rate": 48.404409117372666
        },
        "http_req_tls_handshaking": {
            "max": 0,
            "p(90)": 0,
            "p(95)": 0,
            "avg": 0,
            "min": 0,
            "med": 0
        },
        "vus_max": {
            "max": 10,
            "value": 10,
            "min": 10
        },
        "http_req_blocked": {
            "avg": 0.024001752577319593,
            "min": 0,
            "med": 0,
            "max": 6.8128,
            "p(90)": 0,
            "p(95)": 0
        },
        "http_req_duration{expected_response:true}": {
            "p(90)": 9.96913,
            "p(95)": 11.729224999999998,
            "avg": 7.345049359605914,
            "min": 2.2046,
            "med": 6.68985,
            "max": 60.3718
        },
        "iteration_duration": {
            "med": 206.27175,
            "max": 268.8337,
            "p(90)": 209.69897,
            "p(95)": 211.18904999999998,
            "avg": 206.52322776632303,
            "min": 201.6774
        },
        "http_reqs": {
            "count": 2910,
            "rate": 48.404409117372666
        }
    },
    "root_group": {
        "name": "",
        "path": "",
        "id": "d41d8cd98f00b204e9800998ecf8427e",
        "groups": {},
        "checks": {}
    }
}