{
    "metrics": {
        "http_reqs": {
            "count": 5800,
            "rate": 48.285112600882584
        },
        "iteration_duration": {
            "max": 268.2176,
            "p(90)": 211.41852,
            "p(95)": 213.65718500000003,
            "avg": 207.07025236206832,
            "min": 200.5874,
            "med": 206.52255
        },
        "http_req_connecting": {
            "avg": 0.0008784655172413794,
            "min": 0,
            "med": 0,
            "max": 1.0383,
            "p(90)": 0,
            "p(95)": 0
        },
        "vus_max": {
            "value": 10,
            "min": 10,
            "max": 10
        },
        "http_req_sending": {
            "avg": 0.0064072931034482765,
            "min": 0,
            "med": 0,
            "max": 1.1554,
            "p(90)": 0,
            "p(95)": 0
        },
        "http_req_waiting": {
            "avg": 6.480720551724139,
            "min": 0.5116,
            "med": 5.9889,
            "max": 62.5364,
            "p(90)": 10.75195,
            "p(95)": 13.019845
        },
        "data_received": {
            "count": 1625542,
            "rate": 13532.668708183428
        },
        "vus": {
            "value": 10,
            "min": 10,
            "max": 10
        },
        "http_req_duration": {
            "med": 6.062749999999999,
            "max": 62.5364,
            "p(90)": 10.83159,
            "p(95)": 13.209360000000004,
            "avg": 6.575700258620686,
            "min": 0.5116
        },
        "http_req_duration{expected_response:true}": {
            "avg": 7.872767607726595,
            "min": 3.4198,
            "med": 6.966900000000001,
            "max": 62.5364,
            "p(90)": 11.919300000000002,
            "p(95)": 14.106715
        },
        "http_req_receiving": {
            "p(90)": 0.5335,
            "p(95)": 0.5656150000000001,
            "avg": 0.08857241379310349,
            "min": 0,
            "med": 0,
            "max": 8.0579
        },
        "data_sent": {
            "rate": 8352.417052836567,
            "count": 1003291
        },
        "http_req_tls_handshaking": {
            "med": 0,
            "max": 0,
            "p(90)": 0,
            "p(95)": 0,
            "avg": 0,
            "min": 0
        },
        "http_req_blocked": {
            "med": 0,
            "max": 5.7418,
            "p(90)": 0,
            "p(95)": 0,
            "avg": 0.010614379310344828,
            "min": 0
        },
        "iterations": {
            "count": 5800,
            "rate": 48.285112600882584
        },
        "http_req_failed": {
            "passes": 1762,
            "fails": 4038,
            "value": 0.30379310344827587
        }
    },
    "root_group": {
        "name": "",
        "path": "",
        "id": "d41d8cd98f00b204e9800998ecf8427e",
        "groups": {},
        "checks": {}
    }
}